"","id","leaves_quality","crown_density","crown_codominance","wounds","cracks","cavities","fungi","trunk_inclination","curvature","trunk_codominance","pruning","trunk_rot","trunk_cavities","outgrowthing","insects","epicormic_shoots","superficial_roots","raised_roots","winding_roots","roots_damages","asphalt","Species","Site","DBH"
"1","218A0001",1,1,1,1,2,1,1,1,2,1,2,1,1,1,1,1,1,1,1,1,1,"Fraxinus","SCHOOL1234",87
"2","218A0056",NA,NA,NA,NA,NA,NA,NA,NA,NA,NA,NA,NA,NA,NA,NA,NA,NA,NA,NA,NA,NA,"TTR","SCHOOL1234",0
"3","218A0057",NA,NA,NA,NA,NA,NA,NA,NA,NA,NA,NA,NA,NA,NA,NA,NA,NA,NA,NA,NA,NA,"TTR","TROITSK",0
"4","218A0060",1,1,1,1,2,1,1,1,1,1,1,1,1,1,2,1,1,1,1,1,1,"Tilia cordata","RUDN",82
"5","218A0061",3,1,1,1,1,1,1,1,1,1,1,1,1,1,1,1,1,1,1,1,1,"Acer platanoides","TIMIRYAZEV",95
"6","218A0062",1,1,1,1,1,1,1,1,1,1,1,1,1,1,1,1,1,1,1,1,1,"Betula pendula","RUDN",80
"7","218A0063",2,2,1,1,2,1,1,1,1,1,2,1,1,1,1,1,1,1,1,1,1,"Quercus robur","TIMIRYAZEV",132
"8","218A0064",3,3,1,1,1,1,1,1,2,1,2,1,1,2,1,1,1,1,1,1,1,"Tilia cordata","RUDN",69
"9","218A0065",1,2,1,1,1,1,1,1,1,1,1,1,1,1,1,1,1,1,1,1,1,"Tilia cordata","TIMIRYAZEV",168
"10","218A0066",2,2,1,1,1,1,1,1,2,1,2,1,1,1,1,1,1,1,1,1,1,"Fraxinus","SCHOOL1234",110
"11","218A0067",2,2,1,1,3,1,1,1,1,1,2,1,1,2,1,1,1,1,1,1,1,"Fraxinus","SCHOOL1234",113
"12","218A0068",3,3,1,1,1,1,1,1,1,1,1,1,1,1,1,1,2,1,1,1,1,"Larix siberica","GARDEN",137
"13","218A0069",1,2,1,1,2,1,1,1,1,1,2,2,1,2,1,1,1,1,1,1,1,"Tilia cordata","RUDN",86.5
"14","218A0071",2,2,1,1,2,1,1,1,1,1,1,1,1,1,1,1,1,1,1,1,1,"Acer platanoides","RUDN",93
"15","218A0073",1,2,1,1,1,1,1,1,1,1,1,1,1,1,1,1,1,1,1,1,1,"Tilia cordata","TIMIRYAZEV",153
"16","218A0074",1,2,1,1,2,1,1,1,1,2,1,1,1,1,1,1,1,1,1,1,1,"Salix alba","SCHERBINKA",168
"17","218A0075",1,2,1,1,1,1,1,1,1,1,2,1,1,1,1,1,1,1,1,1,1,"Larix siberica","TIMIRYAZEV",180
"18","218A0076",1,1,1,1,1,1,2,1,2,1,1,1,1,1,1,2,1,1,1,1,1,"Salix alba","SCHERBINKA",146
"19","218A0077",1,1,2,1,1,1,1,1,1,1,2,1,1,1,1,1,2,1,2,2,1,"Acer platanoides","BOLOTNAYA",112
"20","218A0079",2,2,1,1,2,1,1,1,1,1,2,1,1,2,1,1,1,1,1,1,1,"Larix sibirica","BOLOTNAYA",101
"21","218A0079",3,3,1,2,1,1,1,1,1,1,1,1,1,1,1,2,1,1,1,1,1,"Larix sibirica","BOLOTNAYA",101
"22","218A0080",1,1,1,2,2,1,1,1,2,1,2,1,1,2,1,1,1,1,1,1,1,"Tilia cordata","RUDN",76
"23","218A0081",1,1,1,1,3,1,1,1,2,1,2,2,1,2,1,1,1,1,1,1,2,"Quercus robur","TROITSK",169
"24","218A0082",1,2,1,1,1,1,1,1,1,1,2,1,1,1,1,1,1,1,1,1,1,"Larix siberica","TIMIRYAZEV",105
"25","218A0083",2,2,1,1,3,1,1,1,1,1,1,1,1,1,1,1,1,1,1,1,1,"Quercus robur","TROITSK",146
"26","218A0084",2,1,1,2,2,1,1,1,1,1,1,1,1,2,1,1,1,1,1,1,1,"Tilia cordata","RUDN",63
"27","218A0085",2,1,2,1,1,1,1,1,2,1,2,1,1,1,1,1,1,1,1,1,1,"Acer platanoides","RUDN",78
"28","218A0086",2,2,1,2,2,1,2,1,1,1,2,2,1,2,2,1,1,1,1,1,1,"Quercus robur","TROITSK",145
"29","218A0087",1,2,1,1,1,1,1,1,2,1,1,1,1,1,1,1,1,1,1,1,1,"Tilia cordata","TIMIRYAZEV",129
"30","218A0088",1,1,2,2,1,1,1,1,1,1,1,1,1,1,1,1,1,1,1,1,1,"Betula pendula","BOLOTNAYA",65
"31","218A0089",1,1,1,1,1,1,1,1,2,1,1,1,1,1,1,1,1,1,1,1,1,"Betula pendula","TROITSK",108
"32","218A0090",1,1,1,1,2,1,1,1,1,3,2,1,1,2,1,1,1,1,1,1,1,"Tilia cordata","RUDN",89
"33","218A0091",1,1,3,1,3,1,1,1,1,1,2,1,1,2,1,1,1,1,1,1,1,"Quercus robur","GARDEN",134
"34","218A0092",2,2,1,1,1,1,1,1,2,1,2,1,1,2,1,1,1,1,1,1,1,"Fraxinus","SCHOOL1234",211
"35","218A0094",2,2,2,1,1,1,1,1,2,1,1,1,1,2,1,1,1,1,1,1,1,"Juglans mandshurica","GARDEN",154
"36","218A0095",2,3,1,2,2,1,1,2,2,1,2,1,1,1,1,1,1,1,1,1,1,"Fraxinus","SCHOOL1234",114
"37","218A0096",2,2,1,1,2,1,1,1,1,1,2,1,1,1,1,1,1,1,1,1,1,"Quercus robur","TIMIRYAZEV",166
"38","218A0098",1,1,1,1,1,1,1,1,1,1,1,1,2,1,1,1,1,1,1,1,1,"Salix alba","SCHERBINKA",90
"39","218A0099",2,1,1,2,2,1,1,1,2,1,2,1,2,2,1,2,1,1,1,1,1,"Fraxinus","SCHOOL1234",88
"40","218A0100",1,1,1,1,2,1,1,1,1,1,1,1,1,1,1,1,1,1,1,1,1,"Populus tremula","RUDN",81
"41","218A0101",1,2,1,1,1,1,1,1,2,1,1,1,1,1,1,1,1,1,1,1,1,"Tilia cordata","TIMIRYAZEV",124
"42","218A0102",1,1,1,1,1,1,1,1,1,1,1,1,1,1,1,1,1,1,1,1,1,"Populus tremula","RUDN",90
"43","218A0104",1,1,1,2,2,1,1,1,1,1,2,3,2,1,1,1,1,1,1,1,1,"Betula pendula","BOLOTNAYA",68
"44","218A0105",1,2,2,2,2,1,1,1,2,1,1,1,1,1,1,1,2,1,1,1,1,"Populus nigra","GARDEN",235
"45","218A0106",1,2,1,1,1,1,1,1,1,1,1,1,1,1,1,1,1,1,1,1,1,"Populus tremula","RUDN",75
"46","218A0107",1,2,1,1,1,1,1,1,1,1,2,1,1,1,1,1,2,1,1,1,1,"Picea abies","RUDN",77.5
"47","218A0108",1,2,1,1,1,1,1,1,1,1,2,1,1,1,1,1,2,1,1,1,1,"Pinus sylvestris","RUDN",67
"48","218A0109",1,2,1,1,3,1,1,1,1,1,1,1,1,1,1,1,1,1,1,1,1,"Populus tremula","RUDN",87
"49","218A0110",1,2,1,1,1,1,1,1,1,1,2,1,1,2,1,1,1,1,1,1,1,"Pinus sylvestris","RUDN",87
"50","218A0111",4,1,1,2,3,1,1,1,1,1,2,1,1,2,2,1,1,1,1,2,1,"Tilia cordata","BOLOTNAYA",88
"51","218A0112",1,2,1,1,1,1,1,1,2,1,1,1,1,1,1,1,1,1,1,1,1,"Tilia cordata","TIMIRYAZEV",130
"52","218A0113",2,3,1,2,1,1,1,1,1,1,2,1,1,1,1,1,1,1,1,1,1,"Pinus sylvestris","RUDN",110
"53","218A0114",1,2,1,1,1,1,1,1,1,1,2,1,1,1,1,1,1,1,1,1,1,"Pinus sylvestris","RUDN",84
"54","218A0115",2,3,1,1,1,1,1,1,1,1,2,1,1,1,1,1,1,1,1,1,1,"Pinus sylvestris","RUDN",95
"55","218A0116",1,2,1,1,1,1,1,1,1,1,2,1,1,1,1,1,1,1,1,1,1,"Larix siberica","TIMIRYAZEV",78.5
"56","218A0117",1,2,3,1,1,1,1,1,1,1,2,1,1,1,1,1,1,1,1,1,2,"Tilia cordata","TROITSK",161
"57","218A0118",1,3,1,2,1,1,1,1,2,1,2,1,1,2,1,1,1,1,2,1,1,"Pinus sylvestris","RUDN",87
"58","218A0119",1,2,1,1,1,1,1,1,1,1,2,1,1,1,1,1,1,1,1,1,1,"Picea abies","RUDN",83.5
"59","218A0120",3,2,1,1,1,1,1,1,2,1,1,1,1,1,1,1,1,1,1,1,1,"Acer platanoides","TIMIRYAZEV",56
"60","218A0121",1,1,1,1,2,1,1,1,2,1,2,1,2,1,1,1,1,1,1,1,1,"Tilia cordata","BOLOTNAYA",119
"61","218A0122",1,3,1,1,1,1,1,1,1,1,2,1,1,2,1,1,2,1,1,1,1,"Pinus sylvestris","RUDN",95
"62","218A0123",1,2,1,2,1,1,1,1,2,1,2,1,1,1,1,1,2,1,1,1,1,"Pinus sylvestris","RUDN",101
"63","218A0124",1,1,1,1,3,1,1,1,1,1,1,1,1,1,1,1,1,1,1,1,1,"Larix siberica","TIMIRYAZEV",185
"64","218A0124",1,2,1,1,1,1,1,1,1,1,2,1,1,1,1,1,1,1,1,1,1,"Larix siberica","TIMIRYAZEV",185
"65","218A0125",1,2,1,1,2,1,1,1,1,1,2,1,1,1,1,1,1,1,1,1,1,"Salix alba","SCHERBINKA",137
"66","218A0126",1,2,1,1,1,1,1,1,2,NA,1,1,1,1,1,1,1,1,1,1,1,"Tilia cordata","TIMIRYAZEV",117
"67","218A0127",1,1,1,1,1,1,1,1,2,1,1,1,1,1,1,1,1,1,1,1,1,"Salix alba","SCHERBINKA",170
"68","218A0128",1,1,1,1,1,1,1,1,1,1,1,1,1,1,1,1,2,1,1,1,1,"Salix alba","SCHERBINKA",173
"69","218A0129",1,2,1,1,1,1,1,1,1,1,2,1,1,1,1,1,1,1,1,1,1,"Pinus sylvestris","RUDN",73
"70","218A0130",2,2,1,1,1,1,1,2,2,1,2,1,1,2,1,1,1,1,1,1,1,"Fraxinus","SCHOOL1234",81
"71","218A0131",2,2,1,2,2,1,1,1,1,1,2,1,1,1,1,1,1,1,1,1,1,"Fraxinus","SCHOOL1234",83
"72","218A0132",2,3,2,1,1,1,1,1,1,1,2,1,1,1,1,1,1,1,1,1,1,"Malus domestica","GARDEN",105
"73","218A0135",1,2,1,1,1,1,1,1,1,1,2,1,1,1,1,1,1,1,1,1,1,"Pinus sylvestris","RUDN",87
"74","218A0137",1,2,1,1,1,1,1,1,1,1,1,1,1,1,1,1,1,1,1,1,1,"Populus tremula","RUDN",86
"75","218A0138",2,2,1,1,1,1,1,1,1,1,2,1,1,1,1,1,1,1,1,1,1,"Larix sibirica","BOLOTNAYA",128
"76","218A0139",1,2,1,1,1,1,1,1,1,1,1,1,1,1,1,1,2,1,1,1,1,"Populus tremula","RUDN",80
"77","218A0140",1,2,1,1,3,1,1,1,2,1,1,2,1,1,1,1,2,1,1,1,1,"Populus tremula","RUDN",65
"78","218A0141",1,3,1,2,3,1,1,1,1,1,2,2,1,2,1,1,1,1,1,1,1,"Tilia cordata","RUDN",87
"79","218A0142",2,2,2,2,2,1,1,1,2,1,2,1,1,1,1,1,1,1,1,1,1,"Acer platanoides","RUDN",84
"80","218A0143",2,2,1,1,2,1,1,1,1,1,2,1,1,1,1,1,1,1,1,1,1,"Quercus robur","TIMIRYAZEV",195
"81","218A0144",1,1,2,1,1,1,2,1,1,1,2,1,1,1,1,1,1,1,1,1,1,"Salix alba","SCHERBINKA",117
"82","218A0145",2,2,1,1,1,1,1,1,1,1,2,1,1,1,1,1,1,1,1,1,1,"Larix siberica","TIMIRYAZEV",92.5
"83","218A0146",1,1,1,1,1,1,1,1,1,1,1,1,1,1,1,1,1,1,1,1,1,"Betula pendula","RUDN",97
"84","218A0147",1,2,2,1,1,1,1,1,1,1,1,1,1,2,1,1,1,1,1,1,1,"Acer platanoides","RUDN",84
"85","218A0149",1,2,1,1,3,1,1,1,1,1,2,2,1,2,1,1,2,1,1,1,1,"Picea abies","RUDN",70.5
"86","218A0150",1,2,1,1,1,1,1,1,2,1,1,1,1,1,1,1,1,1,1,1,1,"Tilia cordata","TIMIRYAZEV",116
"87","218A0151",1,1,2,1,2,1,1,1,2,1,2,1,1,2,2,1,1,1,1,1,1,"Tilia cordata","RUDN",87
"88","218A0152",1,2,1,1,1,1,1,2,1,1,1,1,1,1,1,1,1,1,1,1,1,"Betula pendula","TROITSK",110
"89","218A0153",1,1,1,2,1,1,1,1,1,1,2,1,1,1,1,1,1,1,1,1,1,"Tilia cordata","BOLOTNAYA",111
"90","218A0154",3,3,1,1,1,1,1,1,1,1,1,1,1,1,1,1,1,1,1,1,1,"Acer platanoides","TIMIRYAZEV",74
"91","218A0155",1,1,2,2,1,1,1,1,2,2,2,1,1,1,1,1,1,1,1,1,1,"Acer platanoides","RUDN",74
"92","218A0157",2,2,2,2,2,2,1,1,1,2,2,1,1,2,1,1,1,1,1,1,1,"Fraxinus","SCHOOL1234",98
"93","218A0158",1,2,1,1,1,1,1,1,1,1,2,1,1,1,1,1,1,1,1,1,1,"Larix siberica","TIMIRYAZEV",88
"94","218A0160",2,2,1,2,1,1,1,1,1,1,2,1,1,2,1,1,1,1,1,1,1,"Fraxinus","SCHOOL1234",80
"95","218A0162",1,1,2,1,1,1,1,1,1,1,1,1,1,1,1,1,1,1,1,1,1,"Salix alba","SCHERBINKA",198
"96","218A0165",1,2,1,1,1,1,1,1,1,1,1,1,1,1,1,1,2,1,1,1,1,"Betula pendula","RUDN",83
"97","218A0166",2,1,1,1,3,1,1,1,1,3,1,1,3,2,1,1,1,1,1,1,1,"Acer platanoides","GARDEN",163
"98","218A0168",1,1,1,1,1,1,1,1,1,1,1,1,1,1,1,1,1,1,1,1,1,"Betula pendula","RUDN",95
"99","218A0170",1,2,1,2,3,1,1,1,1,1,2,2,1,2,1,1,1,1,1,1,1,"Picea abies","TROITSK",127
"100","218A0171",1,1,2,1,2,1,1,1,1,1,1,1,1,1,1,1,1,1,1,1,1,"Acer platanoides","RUDN",82
"101","218A0172",1,2,1,1,1,1,1,1,1,1,2,1,1,1,1,1,1,1,1,1,1,"Larix siberica","TIMIRYAZEV",108
"102","218A0173",3,3,1,2,3,1,1,1,2,1,1,1,3,2,1,1,1,1,1,1,1,"Acer platanoides","RUDN",76
"103","218A0174",1,2,1,1,2,1,1,1,1,2,2,1,1,1,1,1,1,1,1,1,1,"Salix alba","SCHERBINKA",175
"104","218A0175",1,1,1,1,1,1,1,1,1,1,2,1,1,2,1,1,2,1,1,1,1,"Picea abies","RUDN",62
"105","218A0176",1,2,1,1,1,1,1,1,2,1,1,1,1,1,1,1,1,1,1,1,1,"Tilia cordata","TIMIRYAZEV",111
"106","218A0177",1,2,1,1,1,1,1,1,2,1,1,1,1,1,1,1,1,1,1,1,1,"Tilia cordata","TIMIRYAZEV",142
"107","218A0178",1,1,1,1,2,1,1,1,2,1,2,1,1,2,2,1,1,1,1,1,1,"Acer platanoides","RUDN",82
"108","218A0179",2,3,1,1,3,1,1,1,2,1,2,1,1,2,1,1,1,1,1,1,1,"Quercus robur","TROITSK",145
"109","218A0180",3,2,1,1,1,1,1,1,2,1,1,1,1,1,1,1,1,1,1,1,1,"Acer platanoides","TIMIRYAZEV",50
"110","218A0181",1,2,1,1,1,1,1,1,1,1,2,1,1,1,1,1,1,1,1,1,1,"Larix siberica","TIMIRYAZEV",161
"111","218A0182",2,2,3,1,2,1,2,1,2,1,1,1,3,1,1,1,1,1,1,1,1,"Salix  alba","GARDEN",232
"112","218A0183",1,2,1,1,1,1,1,1,1,1,2,1,1,1,1,1,1,1,1,1,1,"Larix siberica","TIMIRYAZEV",91
"113","218A0184",1,2,1,1,1,1,1,1,1,2,2,1,1,1,1,1,1,1,1,1,1,"Salix alba","SCHERBINKA",141
"114","218A0186",3,3,1,2,2,1,1,1,1,1,2,1,1,1,1,1,2,2,2,2,1,"Tilia cordata","BOLOTNAYA",127
"115","218A0188",1,1,1,1,1,1,1,1,1,1,1,1,1,1,1,1,1,1,1,1,1,"Betula pendula","RUDN",84
"116","218A0189",1,1,1,1,1,1,2,1,2,1,2,1,1,1,1,1,2,1,1,1,1,"Salix alba","SCHERBINKA",88
"117","218A0190",3,2,2,2,3,1,2,1,1,2,2,1,3,2,1,1,1,1,1,1,1,"Fraxinus","SCHOOL1234",124
"118","218A0191",2,2.3,1,2,1,1,1,2,2,2,2,1,1,2,1,1,1,1,1,1,1,"Fraxinus","SCHOOL1234",90
"119","218A0192",1,2,1,1,1,1,1,1,1,1,2,1,1,1,1,1,2,1,1,1,1,"Picea abies","RUDN",77
"120","218A0193",1,1,1,2,2,1,1,1,1,1,2,1,2,2,1,1,2,1,1,2,1,"Acer platanoides","BOLOTNAYA",150
"121","218A0194",1,1,2,1,1,1,1,1,1,1,1,1,2,1,1,1,1,1,1,1,1,"Salix alba","SCHERBINKA",134
"122","218A0195",2,2,1,1,2,1,1,1,1,1,2,1,1,1,1,1,1,1,1,1,1,"Quercus robur","TIMIRYAZEV",172
"123","218A0196",2,2.5,1,2,2,1,1,1,1,3,2,1,1,2,1,1,1,1,1,2,1,"Fraxinus","SCHOOL1234",119
"124","218A0197",2,2,1,1,1,1,1,1,2,1,2,1,3,2,1,1,1,1,1,1,1,"Quercus rubra","GARDEN",212
"125","218A0198",1,1,1,1,1,1,1,1,1,1,1,1,1,1,1,1,1,1,1,1,1,"Picea abies","RUDN",83
"126","218A0199",1,3,1,1,1,2,1,1,2,1,2,1,1,1,1,1,2,1,1,1,1,"Picea abies","TROITSK",147
"127","218A0200",1,1,1,1,1,1,1,1,1,1,1,1,1,1,1,1,1,1,1,1,1,"Salix alba","SCHERBINKA",120
"128","218A0201",1,2,2,1,2,1,1,1,2,1,2,1,2,2,1,2,1,1,1,1,1,"Fraxinus","SCHOOL1234",69
"129","218A0203",1,2,1,1,1,1,1,1,1,1,2,1,1,1,1,1,1,1,1,1,1,"Larix siberica","TIMIRYAZEV",88
"130","218A0204",2,2,1,1,2,1,1,1,1,1,2,1,1,1,1,1,1,1,1,1,1,"Quercus robur","TIMIRYAZEV",165
"131","218A0205",2,2,2,1,2,1,1,1,2,2,2,1,1,1,1,1,1,1,1,2,1,"Fraxinus","SCHOOL1234",150
"132","218A0206",1,2,1,1,1,1,1,1,1,1,1,2,1,2,1,1,2,1,1,2,1,"Picea abies","RUDN",65
"133","218A0208",1,2,1,1,1,1,1,1,1,1,2,1,1,1,1,1,1,1,1,1,1,"Larix siberica","TIMIRYAZEV",103
"134","218A0209",1,2,1,1,1,1,1,1,2,1,1,1,1,1,1,1,1,1,1,1,1,"Tilia cordata","TIMIRYAZEV",116
"135","218A0210",1,1,1,2,2,1,1,1,2,1,2,1,1,1,1,1,1,1,1,1,1,"Betula pendula","BOLOTNAYA",66
"136","218A0211",2,2,1,2,1,1,1,1,1,2,2,1,2,2,1,1,1,1,1,1,1,"Fraxinus","SCHOOL1234",154
"137","218A0212",4,1,1,2,1,1,1,1,1,1,2,1,1,1,1,1,2,1,2,2,1,"Acer platanoides","BOLOTNAYA",106
"138","218A0213",2,2,1,1,1,1,1,1,1,1,1,1,1,1,1,1,1,1,1,1,1,"Acer platanoides","TIMIRYAZEV",51
"139","218A0215",1,1,1,1,1,1,1,1,2,1,2,2,3,2,1,1,1,1,1,1,1,"Fraxinus","SCHOOL1234",285
"140","218A0216",1,2,1,1,2,1,1,1,2,1,1,1,1,1,1,1,2,1,1,1,1,"Salix alba","SCHERBINKA",157
"141","218A0217",3,2,1,1,1,1,1,1,1,1,1,1,1,1,1,1,1,1,1,1,1,"Acer platanoides","TIMIRYAZEV",84
"142","218A0218",2,2,1,1,2,1,1,1,2,1,2,1,1,1,1,1,1,1,1,1,1,"Quercus robur","TIMIRYAZEV",108
"143","218A0219",2,2,1,1,1,1,1,1,1,1,2,1,1,1,1,1,1,1,1,1,1,"Acer platanoides","TIMIRYAZEV",65
"144","218A0220",1,2,1,1,1,1,1,1,1,1,2,1,1,1,1,1,2,1,2,1,1,"Picea abies","RUDN",80
"145","218A0221",1,1,1,1,1,1,1,1,1,1,1,1,1,1,1,1,1,1,1,1,1,"Betula pendula","RUDN",69
"146","218A0222",2,2,1,1,2,1,1,1,1,1,2,1,1,1,1,1,1,1,1,1,1,"Quercus robur","TIMIRYAZEV",191
"147","218A0223",3,2,1,1,2,1,1,1,1,1,2,1,1,1,1,1,1,1,1,1,1,"Quercus robur","TIMIRYAZEV",168
"148","218A0224",1,1,1,1,3,1,1,1,1,1,2,1,1,2,1,1,1,1,1,1,1,"Tilia cordata","RUDN",92.5
"149","218A0225",2,1,3,1,3,1,1,1,2,1,2,1,1,1,1,1,1,1,1,1,1,"Robinia pseudoacacia","GARDEN",120
"150","218A0226",1,1,1,1,2,1,1,1,1,1,1,1,1,1,1,1,1,1,1,1,1,"Quercus robur","TIMIRYAZEV",121.5
"151","218A0226",3,2,1,1,2,1,1,1,1,1,2,1,1,1,1,1,1,1,1,1,1,"Quercus robur","TIMIRYAZEV",121.5
"152","218A0227",1,1,1,1,2,1,1,1,2,1,1,1,1,1,1,1,1,1,1,1,1,"Salix alba","SCHERBINKA",110
"153","218A0230",1,1,1,1,1,1,1,1,1,1,1,1,1,1,1,1,1,1,1,1,1,"Betula pendula","RUDN",84
"154","218A0231",2,2,1,1,2,1,1,1,1,1,2,1,1,1,1,1,1,1,1,1,1,"Quercus robur","TIMIRYAZEV",129
"155","218A0232",2,2,1,2,3,1,1,2,1,1,2,1,3,2,1,1,1,1,1,1,1,"Fraxinus","SCHOOL1234",94
"156","218A0233",1,1,1,1,1,1,1,1,1,1,1,1,1,1,1,1,1,1,1,1,1,"Betula pendula","RUDN",90
"157","218A0236",1,1,3,2,3,1,1,1,1,2,2,1,1,1,1,2,1,1,1,1,1,"Tilia cordata","TROITSK",103
"158","218A0237",3,3,1,2,3,1,1,1,2,1,2,1,1,2,1,2,1,1,1,1,1,"Tilia cordata","TROITSK",98
"159","218A0238",1,2,1,1,1,1,1,1,1,1,2,1,1,2,1,1,2,1,1,1,1,"Picea abies","RUDN",75
"160","218A0240",1,1,1,1,1,1,1,1,1,1,1,1,1,1,1,1,1,1,1,1,1,"Betula pendula","RUDN",106
"161","218A0241",2,1,1,2,3,1,1,1,2,1,1,1,1,1,1,1,1,1,1,1,1,"Pyrus communis","GARDEN",96
"162","218A0242",1,1,1,1,1,1,1,1,1,1,1,1,1,1,1,1,1,1,1,1,1,"Salix alba","SCHERBINKA",104
"163","218A0243",2,3,1,1,3,1,1,1,2,1,1,1,1,1,1,1,2,1,1,1,1,"Betula pendula","TROITSK",103
"164","218A0244",2,3,1,1,2,1,1,1,2,1,1,1,1,1,1,1,2,1,1,2,1,"Betula pendula","TROITSK",151
"165","218A0245",1,2,1,1,1,1,1,1,1,1,2,1,1,2,1,1,2,1,1,1,1,"Picea abies","RUDN",64
"166","218A0246",1,2,1,1,1,1,1,1,2,1,1,1,1,1,1,1,1,1,1,1,1,"Tilia cordata","TIMIRYAZEV",125
"167","218A0247",1,2,1,1,1,1,1,1,1,1,2,1,1,1,1,1,1,1,1,1,1,"Larix siberica","TIMIRYAZEV",179
"168","218A0248",1,1,1,1,2,1,1,1,1,1,2,2,1,1,1,1,2,2,1,1,1,"Tilia cordata","BOLOTNAYA",119
"169","218A0249",2,2,1,1,1,1,1,1,1,1,2,1,1,1,1,1,1,1,1,1,1,"Acer platanoides","TIMIRYAZEV",59
"170","218A0250",3,2,1,1,1,1,1,1,1,1,1,1,1,1,1,1,1,1,1,1,1,"Acer platanoides","TIMIRYAZEV",52
"171","218A0251",3,2,1,1,1,1,1,1,1,1,1,1,1,1,1,1,1,1,1,1,1,"Acer platanoides","TIMIRYAZEV",67
"172","218A0252",2,2,1,1,2,1,1,1,1,2,2,1,1,1,1,1,1,1,1,1,1,"Fraxinus","SCHOOL1234",114
"173","218A0253",2,2,1,1,2,1,1,1,1,1,2,1,1,1,1,1,1,1,1,1,1,"Quercus robur","TIMIRYAZEV",162
"174","218A0254",2,2,2,1,1,1,1,1,1,1,2,1,1,2,1,2,1,1,1,1,1,"Fraxinus","SCHOOL1234",146
"175","218A0255",1,1,1,2,3,1,1,1,1,1,2,3,2,1,1,1,2,2,2,2,1,"Acer platanoides","BOLOTNAYA",108
"176","218A0256",1,2,1,1,1,1,1,1,2,1,1,1,1,1,1,1,1,1,1,1,1,"Tilia cordata","TIMIRYAZEV",102
"177","218A0257",1,2,1,1,1,1,1,1,2,1,1,1,1,1,1,1,1,1,1,1,1,"Tilia cordata","TIMIRYAZEV",87
"178","218A0258",1,2,1,1,1,1,1,1,1,1,2,1,1,1,1,1,1,1,1,1,1,"Larix siberica","TIMIRYAZEV",111.5
"179","218A0259",2,2,1,1,2,1,1,1,1,1,2,1,1,1,1,1,1,1,1,1,1,"Quercus robur","TIMIRYAZEV",132
"180","218A0261",1,3,1,1,3,1,1,1,2,1,1,1,1,1,1,1,2,1,1,1,1,"Picea abies","TROITSK",127
"181","218A0262",1,1,1,1,2,1,1,1,1,1,2,2,1,1,1,1,2,2,1,1,1,"Acer platanoides","BOLOTNAYA",109
"182","218A0263",1,1,1,1,1,1,1,1,1,1,1,1,1,1,1,1,1,1,1,1,1,"Quercus robur","TIMIRYAZEV",122
"183","218A0263",2,2,1,1,2,1,1,1,1,1,2,1,1,1,1,1,1,1,1,1,1,"Quercus robur","TIMIRYAZEV",122
"184","218A0264",1,2,1,1,1,1,1,1,1,1,2,1,1,1,1,1,1,1,1,1,1,"Larix siberica","TIMIRYAZEV",181
"185","218A0265",1,3,1,1,2,1,1,1,2,1,1,1,1,1,1,1,1,1,1,1,1,"Fraxinus ornus","GARDEN",110
"186","218A0267",1,2,1,1,1,1,2,1,1,1,2,1,1,1,1,1,2,1,1,1,1,"Salix alba","SCHERBINKA",117
"187","218A0268",1,2,1,2,2,1,1,1,2,1,1,1,1,1,1,1,2,1,2,1,1,"Acer platanoides","RUDN",60
"188","218A0270",3,1,1,1,2,1,1,1,1,1,1,1,1,1,2,1,1,1,1,1,1,"Tilia cordata","BOLOTNAYA",79
"189","218A0271",2,3,1,1,1,1,1,1,1,2,1,1,1,1,1,1,1,1,1,1,1,"Fraxinus excelsior","GARDEN",167
"190","218A0272",1,1,3,1,1,1,1,1,1,1,1,1,1,1,1,1,1,1,1,1,2,"Junglas cinerea","GARDEN",140
"191","218A0274",1,2,1,1,1,1,1,1,1,1,1,1,2,1,1,1,2,1,1,1,1,"Salix alba","SCHERBINKA",194
"192","218A0275",2,2,1,1,2,1,1,1,1,1,2,1,1,1,1,1,1,1,1,1,1,"Quercus robur","TIMIRYAZEV",174
"193","218A0277",4,1,3,2,1,1,1,1,2,3,1,1,1,2,1,2,1,1,1,2,1,"Larix sibirica","BOLOTNAYA",82
"194","218A0278",1,1,2,1,2,1,1,1,2,1,1,1,1,1,1,1,2,1,1,1,1,"Prunus avium","GARDEN",114
"195","218A0279",1,2,1,1,1,1,1,1,2,1,1,1,1,1,1,1,1,1,1,1,1,"Tilia cordata","TIMIRYAZEV",130
"196","218A0280",2,1,2,2,3,1,1,1,2,1,2,1,1,2,1,1,1,1,1,1,1,"Acer platanoides","RUDN",70
"197","218A0281",5,3,1,2,1,1,1,1,1,2,2,1,1,1,1,1,2,1,2,1,1,"Acer platanoides","BOLOTNAYA",144
"198","218A0282",1,2,1,1,1,1,1,1,1,1,2,1,1,1,1,1,1,1,1,1,1,"Larix siberica","TIMIRYAZEV",94
"199","218A0283",NA,NA,NA,NA,NA,NA,NA,NA,NA,NA,NA,NA,NA,NA,NA,NA,NA,NA,NA,NA,NA,"Betula pendula","RUDN",77
"200","218A0284",1,1,1,1,1,1,1,1,1,1,1,1,1,1,1,1,1,1,1,1,1,"Betula pendula","TROITSK",114
"201","218A0284",2,3,1,1,1,1,2,1,2,1,1,1,1,1,2,1,2,1,1,1,1,"Betula pendula","TROITSK",114
"202","218A0285",1,1,1,2,1,1,1,1,2,1,2,1,1,2,1,1,1,1,1,1,1,"Betula pendula","BOLOTNAYA",75
"203","218A0286",1,3,1,1,1,1,1,1,1,1,1,1,1,1,1,1,2,1,1,1,1,"Picea abies","TROITSK",140
"204","218A0287",2,2,1,1,1,1,1,1,2,1,2,1,1,1,1,1,1,1,1,1,1,"Acer platanoides","TIMIRYAZEV",93
"205","218A0289",1,2,1,1,1,1,1,1,1,1,2,1,1,1,1,1,1,1,1,1,1,"Tilia cordata","TIMIRYAZEV",145
"206","218A0290",1,1,1,1,1,1,1,1,1,1,1,1,1,1,1,1,1,1,1,1,1,"Salix alba","SCHERBINKA",122
"207","218A0291",2,2,1,1,2,1,1,1,1,1,2,1,1,1,1,1,1,1,1,1,1,"Quercus robur","TIMIRYAZEV",123
"208","218A0292",2,1,2,2,3,1,1,1,1,3,2,2,1,2,1,1,1,1,1,1,1,"Tilia cordata","TROITSK",122
"209","218A0293",3,2,1,1,1,1,1,1,1,1,2,1,1,1,1,1,1,1,1,1,1,"Acer platanoides","TIMIRYAZEV",62
"210","218A0294",2,1,1,2,3,1,1,1,1,2,2,1,2,2,1,1,2,1,2,2,1,"Carpinus betulus","GARDEN",113
"211","218A0295",1,2,1,2,1,1,1,1,1,1,2,1,3,1,2,1,1,1,1,1,1,"Picea abies","TROITSK",138
"212","218A0296",1,1,2,1,2,1,1,1,1,1,2,1,1,2,1,1,1,1,1,1,1,"Quercus robur","TROITSK",118
"213","218A0298",1,2,1,1,1,1,1,1,2,1,1,1,1,1,1,1,1,1,1,1,1,"Tilia cordata","TIMIRYAZEV",88.5
"214","218A0299",1,1,1,1,1,1,1,1,1,1,2,1,1,1,1,2,1,1,1,1,1,"Salix alba","SCHERBINKA",142
